,Title,published_date,Views,Likes,Comments
0,9+ LPA SALARY in First JOB ğŸ”¥! ELECTRICAL ENGINEER in Power Plant To DATA SCIENTIST @ PayTm  â¤ï¸,2022-04-27T13:30:07Z,1995,160,28
1,25+ LPA CTC in 1 Year ğŸ”¥! FRESHER DATA ENGINEER @ Walmart â¤ï¸ Why Did He Leave DATA SCIENCE JOB?? ğŸ˜³,2022-04-23T13:30:05Z,20131,623,101
2,"30+ LPA CTC For Data Engineers ğŸ”¥! Join TOP 10 INDIAN FinTech Startups â¤ï¸  Skills, CTC Explained ğŸ”¥",2022-04-19T13:36:49Z,4941,221,35
3,5+ LPA as TESTER to 35+ LPA as Data Analyst @ UBERğŸ”¥! CIVIL Engineer Cracked UBER Data Analyst JOB â¤ï¸,2022-04-16T13:51:07Z,58347,1705,172
4,Print TREE NODES Using SQLğŸ”¥UBER Data Engineer Interview ğŸ”¥ Got Rejected Because Of STUPID MISTAKEğŸ˜°,2022-04-13T13:30:06Z,17607,788,72
5,COMMERCE Student Cracked TECH JobğŸ”¥7+ LPA Salary - Data Engineer ğŸ”¥No Excuses - Motivation â¤ï¸ Can you?,2022-04-09T13:30:07Z,8642,444,88
6,AMAZON To NEW Company ??ğŸ”¥ I Got 7 JOB Offers - DATA ENGINEER ğŸ”¥ Which Company Did I Join? â¤ï¸,2022-04-06T13:54:57Z,14586,756,156
7,3.3 LPA Infosys To 15x LPA Microsoft ğŸ”¥! DATA ENGINEER From Tier-3 College ğŸ”¥ SERVICE to PRODUCT â¤ï¸,2022-04-02T13:30:03Z,75710,2584,168
8,Data Analyst Complete ROADMAP - 2022 ğŸ”¥! 15+ LPA CTC  â¤ï¸ Skills & FREE Resources EXPLAINED ğŸ˜,2022-03-30T13:30:07Z,38690,1895,101
9,How Much SALARY Do You Want ?ğŸ”¥FAANG Recruiter Sharing Salary SECRETS ğŸ¤© NEGOTIATE For HIGHER Salaryâ¤ï¸,2022-03-26T13:35:06Z,74543,1271,86
10,15+ LPA CTC with EASY Interviews ğŸ”¥ Foreign Trips - TOP 4 Companies for Data Engineers â¤ï¸ CONSULTANT,2022-03-24T13:30:07Z,7370,356,75
11,50 LPA to 60 LPA CTC ğŸ”¥! More Than FAANG - 10 Companies â¤ï¸ FULL WORK FROM HOME - DATA ENGINEER ğŸ˜,2022-03-20T14:37:57Z,14461,672,96
12,"1.8 LPA Salary To 12+ LPA ğŸ”¥! TESTING Job To SOFTWARE ENGINEER â¤ï¸ NO Campus Offer, NO Tech Skills ğŸ˜",2022-03-16T13:30:28Z,11832,513,83
13,7 YEARS in NON-TECH to DATA SCIENCE ğŸ”¥! FIELD Worker CRACKED TECH JOB â¤ï¸ It's NEVER TOO LATE ğŸ˜,2022-03-12T13:30:03Z,12274,460,71
14,"FULL Interview PROCESS for TOP Companies ğŸ”¥! 0-5 YEARS, 20+ LPA Minimum CTC ğŸ˜! Total ROUNDS? TOPICS?",2022-03-09T13:30:29Z,6522,369,57
15,5 LPA to 50+ LPA in 2 YEARS ğŸ”¥! Ultimate DATA SCIENTIST @ Microsoft ğŸ”¥ FRESHER Cracked SENIOR Role â¤ï¸,2022-03-05T13:33:50Z,106694,3178,141
16,"50+ LPA for Entry Level DATA ENGINEERS ğŸ”¥ in MAANG â¤ï¸ Explained - JOB ROLE, SKILLS, SALARY Breakup ğŸ”¥!",2022-03-02T13:30:06Z,10214,411,56
17,2.5 LPA to 300% Salary HIKE ğŸ”¥ DATA ENGINEER @ ZOOM - Service Based to Product Based ğŸ˜ Tier-3 College,2022-02-26T13:30:04Z,20843,798,85
18,"How to become DATA SCIENTIST in 2022 !ğŸ”¥ COMPLETE Roadmap - Step By Step !ğŸ”¥ Easy, Medium, Advance",2022-02-24T13:30:02Z,8277,481,167
19,"Learn SQL For FREE ğŸ”¥ Best Resources - BEGINNER to ADVANCE ğŸ”¥ Data Engineer, Data Science, Analysts",2022-02-22T13:30:06Z,11869,802,38
20,"Motivational | â¤ï¸ OFF CAMPUS To PRODUCT COMPANY ğŸ”¥ NO College Support, NO ON CAMPUS ğŸ˜• | Scaler",2022-02-20T06:51:22Z,3296,122,18
21,50 LPA SALARY For Freshers - DATA ENGINEER In STARTUPS  ğŸ”¥ INDIAN UNICORNS 2022 - Explained,2022-02-17T13:28:41Z,8475,406,61
22,"100000+ SOLVED Big Data PROJECTS In 5 Years ğŸ”¥ GOLD Mine Of Data Science,  AI/ML Projects In 2022",2022-02-12T13:51:51Z,8043,332,22
23,"5 FREE Big Data Engineer Courses ğŸ”¥ Beginner DATA ENGINEERS - 2022 || Hadoop, Spark, SQL, Cloud",2022-02-10T13:36:28Z,18976,1030,58
24,BEST LinkedIn Profile Tips - 2022 By FAANG HRğŸ”¥ Grab More INTERVIEW CALLS From TOP Tech Companies,2022-02-06T13:30:21Z,31671,1279,79
25,"5 LPA - 18 LPA Job  ğŸ”¥ | FRESHER DATA ENGINEERS ğŸ”¥TOP Service COMPANIES - 2022 | JOB ROLE, SKILLS",2022-02-04T13:30:27Z,9131,452,93
26,"We QUIT $300000 Job At FAANG ?? Ex-Facebook, Ex-Amazon DATA ENGINEERS ğŸ”¥ Ft. @Seattle Data Guy",2022-01-30T07:50:44Z,6067,177,19
27,"DSA All Topics For DATA ENGINEERS ğŸ”¥INTERVIEWS For 2022, Difficulty LEVEL, Questions FOR FAANG",2022-01-28T13:30:06Z,7224,407,65
28,"Call Center Job To TOP TECH Companies ğŸ¤¯ Real Motivation, MCA Ranker, DATA ENGINEER, Salary In LAKHSğŸ”¥",2022-01-22T13:30:40Z,14533,654,62
29,"PYTHON Beginner Topics - Interview 2022ğŸ”¥Easy To Medium - Data Engineers, Data Scientists, Analysts",2022-01-19T15:07:52Z,7398,407,54
30,Why FAANG Recruiters REJECT Candidates? ğŸ˜”DO NOT MAKE THESE MISTAKES IN 2022 - TIPS From FAANG HR,2022-01-15T13:30:02Z,66402,2504,125
31,FAANG Design INTERVIEW - TOP AWS Services ğŸ”¥For DATA ENGINEERS - 2022,2022-01-13T16:10:50Z,3864,146,30
32,"MANAGER Rejecting Data Engineer Candidates ğŸ¤¯REASONS and IMPROVEMENTS , Hirings In 2022",2022-01-09T13:41:35Z,12775,490,31
33,"MUST Do SQL Topics For FAANG 2022ğŸ”¥ BEGINNER + ADVANCE Level | Data Engineer, Data Scientist, Analyst",2022-01-07T14:46:16Z,21157,1068,86
34,Did Amazon Fire Me?? Reasons To QUIT AMAZON ğŸ¥²,2022-01-04T13:40:11Z,17121,730,62
35,"Age-18, Secrets Of 7 Star CodeChef & IGM CodeForces ll Pro Level Tips",2021-12-27T13:31:35Z,41566,1382,55
36,DJ Became FAANG DATA SCIENTIST ğŸ”¥ Wrote Best Selling Book - ACE THE DATA SCIENCE INTERVIEW ğŸ”¥,2021-12-18T13:24:46Z,4927,203,12
37,"FREE Courses + JOB ğŸ”¥ FRESHERS Direct Hiring 2020,2021,2022 -Dream Job ğŸ”¥ CareerBoost By GreatLearning",2021-12-14T13:23:26Z,2895,145,14
38,GOOGLE Data Engineer Interview - Watch It BEFORE Your PREPARATION ğŸ”¥,2021-12-11T13:24:00Z,25703,879,38
39,Forever Single Coder ğŸ’” #shorts,2021-12-10T15:33:55Z,3334,70,5
40,"Fresher Cracking Top Companies - Data Engineer Role || Sharing All Secrets, Experiences, Best Tips",2021-12-04T13:25:13Z,11316,491,67
41,Fixing Bug In Code - Feeling Like Hacker ğŸ˜‚ Just For Fun - Coding,2021-12-02T15:55:39Z,2366,68,11
42,Data Engineer - All Secrets Revealed For Interview At PayTm || EPISODE-1,2021-11-27T13:34:38Z,9595,320,30
43,9 Years In SERVICE Company To MICROSOFT | Story of NEVER Giving UP - Scaler Academy Review,2021-11-20T13:26:30Z,5146,227,24
44,Is It Possible In 2021 ?? Switched From TESTING to SOFTWARE Development | Art Of UPSKILLING ...,2021-11-16T13:25:46Z,3964,164,19
45,Resigned From Amazon - Last Day As Amazon Engineer ğŸ˜” Memorable Journey  ...,2021-11-09T12:23:04Z,12398,450,89
46,If You Don't Like DSA ?? HACKATHON WINS Got Him A JOB & Money In College ğŸ’¯,2021-10-30T14:08:18Z,3422,155,10
47,How To Become 6 â­ CODER & CANDIDATE MASTER - PRO Tips From PRO Coder | Start CP - STEPS and MISTAKES,2021-10-23T14:10:32Z,8136,419,20
48,INDIAN HACKER with Mind BLOWING Achievements ğŸ¤© HACKING At It's Best...,2021-10-16T13:23:34Z,3433,185,15
49,DBMS Interview Topics In 1 Video || Data Engineer Interview Preparation,2021-10-09T13:26:49Z,3936,225,24
50,TESTING Profile is so UNDERRATED... Things you need to know for Perfect Career,2021-10-02T13:25:29Z,2558,144,15
51,Which One To Choose and Why? Is it CTC or Tech Stack or Learnings? Software Engineer India,2021-09-27T06:12:39Z,1913,73,7
52,"Truth About MCA Course, What if you didn't get into NITs .....",2021-09-25T13:15:17Z,11001,508,113
53,"Android Development, Will You Choose It ?? Live Q&A With Microsoft Engineer ğŸ’¯ Roadmap, Guidance",2021-09-20T05:59:28Z,1869,96,4
54,He Directly Applied From Career Page and Got The Interview Call - Amazon Interview Experience,2021-09-18T13:24:33Z,4539,197,40
55,"GOOGLE Complete Process - Interview, Preparation, Programs, Challenges | Live Q&A With Googler",2021-09-13T06:07:29Z,3686,239,7
56,Will Companies Shortlist your PROFILE if Year Gap after college ??  Data Science | Motivation âœŒï¸,2021-09-11T13:46:35Z,4819,186,35
57,Opportunity For 2020/2021 Batch ğŸ¥³ Learn & Earn | Best Thing For College Students,2021-09-08T13:20:07Z,2021,96,5
58,Say Hello to BigData - Live QnA With Ex-Facebook Data Engineer,2021-09-06T06:06:03Z,3364,200,9
59,Expose Video Ft.@Samuel Miller ğŸ˜He Roasted WhiteHatJr,2021-09-04T12:10:11Z,2811,248,42
60,14 Job Offers & Tier-3 College ... Seriously ??? Software Engineer India,2021-08-29T12:49:46Z,6070,343,32
61,INTERNSHIP is not EASY - TIPS......,2021-08-28T07:40:58Z,1260,84,8
62,"How Do They Learn ?? INDIA vs PAKISTAN - Engineering, Education, Startups, Earnings ğŸ”¥ Honest Talk",2021-08-22T13:31:02Z,3918,177,24
63,LinkedIn Growth - How To Use It ?? ğŸ”¥Best LinkedIn Growth Tips ğŸ”¥More than 50000 Followers,2021-08-21T07:22:51Z,1356,78,8
64,How does TWITTER hire Freshers ?? Hustle of TIER-3 College Student ğŸ”´Software Engineer India,2021-08-15T12:55:44Z,6643,251,46
65,Kya AZAAD Ho Tum ?? #SHORTS,2021-08-15T07:07:10Z,1593,78,2
66,Jobs In Data Analytics - Live Class Update #SHORTS,2021-08-14T15:51:34Z,1377,37,2
67,Make MONEY In College ğŸ”´NON-CS Student Side Hustle ğŸ”´Pay Your Own College Fees,2021-08-14T07:13:20Z,4057,164,27
68,Service Company To Software Developer | How To Get 300% hike | Scaler Academy Review,2021-08-07T06:38:10Z,7262,378,41
69,Stupid Mistake In Interviews ğŸ˜¥ Increase Your Chances... Follow These Tips #SHORTS,2021-08-02T15:49:30Z,5554,344,12
70,MCA Student in TIER-3 College ğŸ”¥CRAZY SALARY HIKE ğŸ”¥STARTUP OFFER - YELLOW.AI ğŸ”´Software Engineer INDIA,2021-07-31T07:25:55Z,5066,269,40
71,Life OF Tech Lead @ Airbnb ğŸ”¥Ex-FACEBOOK & NETFLIX ğŸ”´Inspirational Journey In Tech Industry ğŸ”¥,2021-07-25T11:30:30Z,6784,354,25
72,Preparation Guide For SDE Profile ğŸ”¥Ft.@Soumyajit Bhattacharyay Software Engineer INDIA,2021-07-24T07:02:36Z,6888,272,12
73,Mistakes i Made as College Student ğŸ”´REJECTION In College Placements - How to handle Failures ğŸ”¥,2021-07-22T07:00:11Z,3584,205,16
74,"TIER-3 College To GOOGLE ğŸ”¥ OFF Campus Offers From DUNZO, SAMSUNG ğŸ”´ Full Journey ğŸ”¥",2021-07-17T07:45:09Z,9128,496,32
75,Ex-NASA Engineer ğŸ”´ Machine Learning Explained ğŸ”´ JULIA Language Vs PYTHON ğŸ”¥,2021-07-16T11:48:47Z,2511,129,13
76,5 V's Of Big Data - Facts 1 #shorts,2021-07-15T10:40:17Z,4347,246,7
77,Popular JOB PROFILES in BigData ğŸ”´Which One is BEST for you and Why ??,2021-07-11T06:41:50Z,2602,95,21
78,"Data Engineer Outside INDIA Ft. @Karolina Sowinska ğŸ”´Work, Companies, Skill Sets, EarningsğŸ”¥",2021-07-10T09:10:09Z,6516,252,19
79,Multiple BACKLOGS In College ğŸ”¥ Offer From 7 PRODUCT CompaniesğŸ”¥Next Level HUSTLEğŸ”¥,2021-06-26T07:25:57Z,9634,499,50
80,Age 23 - Started MILLION DOLLAR Startup ğŸ”¥ Honest Talk About ENTREPRENEURSHIP Challenges ğŸ”¥,2021-06-25T07:19:49Z,2926,129,15
81,"System Engineer at INFOSYS ğŸ”´ Life In SERVICE Based Company ğŸ”´ Learnings, Projects, Compensation ğŸ”¥",2021-06-12T07:36:22Z,24659,581,91
82,Freelance DATA ENGINEER - Earning 4 Times Money ğŸ”´ How To Make Profile ? Clients ? SKILLS ? Platforms,2021-06-05T07:09:48Z,26712,872,74
83,JOB HIRING TOURNAMENT ğŸ”´ CTC 15LPA+ ğŸ”¥ Only SKILLSğŸ”¥,2021-06-04T06:45:44Z,2578,100,28
84,Cyber Security Engineer - Amazing Journey ğŸ”¥Bug Bounty Hunter ğŸ”´Make 6 Figure Income ğŸ”¥,2021-05-29T08:37:46Z,33662,1373,68
85,How Much Coding For Data Engineer Interview ?? Important DSA Topics ğŸ”´Practise Question Sheet ğŸ”´,2021-05-28T06:35:35Z,25892,772,71
86,"Life Of @Akshay Saini â¤ï¸As Student, Startups, Teaching âœŒï¸20K Special Podcast ğŸ¥³",2021-05-22T06:44:32Z,8231,498,41
87,"0 to 20000 Subscribers Milestone â¤ï¸Special Giveaway ğŸ¥³You Guys Are My Strength, You Have Made Me â¤ï¸â¤ï¸",2021-05-16T13:08:15Z,2291,137,56
88,5 Years in TCS ğŸ‘¨ğŸ»â€ğŸ’»9 Job Offers From Product Companies ğŸ˜³Expectation In Interviews? How To Crack It?,2021-05-15T08:26:15Z,196061,3865,180
89,Blind Student Cracked Top MNC ğŸ”¥GoldmanSachs ğŸ”´Life Is A Hustle ğŸ”´Never Give UP ğŸ”´Inspirational JourneyğŸ”¥,2021-05-08T06:32:36Z,3709,293,47
90,Switching Job Profile As FresherğŸ”´How Did i Move From Software Engineer to Data Engineer ? Factors ğŸ”´,2021-05-02T12:18:08Z,10334,329,46
91,"Does Scaler Academy Live Up To Promises?? ğŸ”´Alumni At Amazon, Adobe, DP World Give Honest Reviews ğŸ”´",2021-04-29T06:12:05Z,17322,420,39
92,Fresher At Unicorn Startup PharmEasy ğŸ”´Data Analyst Intern ğŸ”´Required Skills ğŸ”´Startup Vs MNC...,2021-04-24T12:09:52Z,7849,277,25
93,"Researched at NASA ğŸ”´Managed People @ Amazon, Microsoft, Expedia, Citi ğŸ”´Running His Own Startup ğŸ¤Ÿ",2021-04-18T16:36:23Z,1726,108,18
94,Top SQL Interview Topics ğŸ”´Data EngineerğŸ”´Data ScientistğŸ”´Data AnalystğŸ”´Freshers & Experienced Candidate,2021-04-17T08:10:37Z,7017,312,17
95,13 Year Old Genius Kid ğŸ”´Self Taught Programmer & Machine Learning Engineer ğŸ”¥,2021-04-10T07:58:08Z,3538,184,16
96,Rewards Worth Rs.7000000 ğŸ”´CodeX and CodeX-For-Her ğŸ”´Nationwide Coding Challenge ğŸ”´Scholarships,2021-04-04T06:15:55Z,725,26,4
97,NIMCET 2021 - MCA @ NIT ğŸ”´ Rank Under 50 - My Strategy My Strategy ğŸ”´ Preparation In Last Months ğŸ”´,2021-04-01T11:53:09Z,8673,366,52
98,"Biggest INTERNSHIP Fair ğŸ¤‘ With Top Brands ğŸ”´ OnePlus, Urban Company, Airtel, HCL ğŸ”´ 44k+ Opportunities",2021-03-31T10:39:49Z,1884,90,11
99,Random Talk - Upcoming Video Updates - GeeksForGeeks Summer Carnival ğŸ§­,2021-03-22T12:12:41Z,729,32,8
100,System Designing - Is It Really Important ?? ğŸ¤·â€â™‚ï¸ Ft. @sudoCODE ğŸ‘©â€ğŸ”§,2021-03-20T08:39:01Z,2227,117,6
101,Kids Will Be Blessed.. If Their Parents? #shorts,2021-03-16T14:09:12Z,1988,97,3
102,MYNTRA Complete Process - SSE ğŸ”´Is Coding Round Required For Frontend Developers? Service To ProductğŸ”¥,2021-03-06T08:26:45Z,39498,1137,75
103,No Spoon Feeding - Help Yourself #SHORTS,2021-03-02T15:32:12Z,2725,162,8
104,Branch ECE But Software Engineering Job ğŸ”¥Challenges - Preparation From 1'st Year - Salary - Expedia,2021-02-28T11:28:49Z,3499,129,17
105,Resume Review | Live Stream | @Nishant Chahar  @Riddhi Dutta â€‹ Prabhudeep Singh ğŸ¤Ÿ,2021-02-28T06:04:34Z,2405,103,6
106,Reviewed My Resume - That Got Me Into AMAZON as Data Engineer | Interview Calls From Top CompaniesğŸ”¥,2021-02-27T07:26:36Z,21222,673,55
107,Don't Complain For Facilities... #SHORTS,2021-02-23T14:24:30Z,3929,344,20
108,Skill Set vs Salary Package #SHORTS,2021-02-21T09:28:30Z,3304,239,24
109,FINANCIAL CRUNCH - Common Challenge Of Middle Class Boy | Self Preparation For GATE | IIT to INTEL ğŸ”¥,2021-02-20T07:37:28Z,2589,153,10
110,Self Motivation - 5 Important ThingsğŸ™‚ #SHORTS,2021-02-17T16:57:18Z,1102,110,5
111,Joining SWIGGYğŸ˜Bold Decision Of Dropping Physics Hons.ğŸ™„He Followed His Passion Of CS EngineerğŸ™,2021-02-16T05:45:04Z,6157,331,22
112,Answers To Your Questions ğŸ¤“ Q&A Live Stream ğŸ§­,2021-02-14T04:35:07Z,1020,57,4
113,3 Worst Mistakes In College As Fresher ğŸ˜£ #SHORTS,2021-02-12T16:19:12Z,2272,176,6
114,2 Beginner Level Projects For Aspiring Data Engineers âŒ›ï¸Covid-19 Data | Real Time Data Processing ğŸ‘ˆ,2021-02-10T07:17:16Z,8715,300,17
115,5 Tips To Convert Internship Into Full Time Offer l It Worked For MeâœŒ #shorts,2021-02-07T14:55:40Z,985,97,9
116,MCA after B.SC/BCA - Is It Really Worth? How Did I Crack NIMCET With AIR-43 ? Other Exams & Strategy,2021-02-06T07:38:01Z,47268,1898,368
117,Data Science Roadmap For Freshers | How Much Coding & DSA? Is Master's  Degree Mandatory? INTERNSHIP,2021-01-30T07:32:45Z,4805,221,26
118,Most Common & Useful Python Libraries in Data Engineering Projects | Explained In 10 Minutes,2021-01-27T14:07:31Z,4670,159,22
119,Started From TCS - 8 Year's Wait For Microsoft ğŸ”¥Pro Tips - Clueless Journey Into Successful CareerğŸ”¥,2021-01-23T07:31:28Z,175480,7022,329
120,"Chill Stream With @Riddhi Dutta , Prabhudeep Singh, @Nishant Chahar  ğŸ¥¶ Gappe MarengeğŸ¤ª",2021-01-17T05:09:27Z,3828,156,0
121,"Cracking the Google Coding Interview with Aanshul Sadaria | Process, Preparation & No Short TricksğŸ¤Ÿ",2021-01-16T07:26:57Z,17510,785,51
122,GSoC Vs MLH FellowshipğŸ”¥by 3'rd YEAR Student | Shortlisting Process| Differences| Internship SecretsğŸ¤Ÿ,2021-01-10T12:25:08Z,7459,401,19
123,Smash Tech Interviews In 2021 - Best FREE MasterclassesğŸ”¥Scaler | InterviewBit | DON'T MISS ITâ˜ï¸,2021-01-08T07:55:58Z,842,39,4
124,"5 Important Things, A Data Engineer Does ğŸ‘¨ğŸ»â€ğŸ’»Day To Day Task & Activity â˜ï¸ Easy Or Tough Job??ğŸ¤”",2021-01-06T07:08:48Z,2661,137,21
125,10K Special Ft.@Gaurav Sen â¤ï¸Why Am I His Crazy Fan? UBER to interviewready.ioâ˜ï¸CP to System Design,2021-01-03T08:38:40Z,8829,538,34
126,Open Source Projects By Startups | Winter Of Coding 2021 | Biggest Event Of India | Mini GSoC ğŸ¤Ÿ,2021-01-01T07:45:27Z,4709,319,62
127,Rewind 2020 âª What's New In 2021? Motivation ğŸ™AchievementsğŸ¤ŸGrowthâ˜ï¸Thank You & Love You ELB Familyâ¤ï¸,2020-12-31T07:49:43Z,1305,143,16
128,Wohhoo 10k Subscribers â¤â¤ Ooo Maa Gooo Turuu LobbbğŸ¥³ğŸ¥³ğŸ¥³,2020-12-26T11:04:40Z,2654,149,28
129,Internship PPO RevokedğŸ˜“Backup Preparation | Cure.Fit Interview Experience ğŸ‘¨ğŸ»â€ğŸ’»Ft. @Nishant Chahar ğŸ‘ˆ,2020-12-26T08:12:07Z,4319,232,19
130,Data Engineer Complete Roadmap ğŸ”¥ For Beginners With Resources | Best Skill Sets & Frameworks ğŸ”¥,2020-12-23T08:20:57Z,90735,4345,223
131,How Did He Crack Interviews Without DSA & CP ? IXIGO Interview | Skipped On Campus Drives | Freshers,2020-12-19T08:37:06Z,15092,834,71
132,Start With Programming - Simple Steps | Language | DSA | Competitive Programming | No Shortcuts ğŸ”¥,2020-12-16T08:17:46Z,4313,316,64
133,"Amazon OR PayPal ?? Complete Interview Process ğŸ‘ˆğŸ”´How to manage time for CP, Core CS & Projects ??ğŸ¤”ğŸ¤”",2020-12-12T08:01:11Z,5338,262,30
134,GIVEAWAY - Chill Wali LiveStream | Ask Me Anything ğŸ¤ªğŸ¤ª,2020-12-10T06:36:52Z,2125,93,9
135,He Quit Competitive Programming ?? GoJek Interview Experience | How to apply by COLD Mailing??,2020-12-05T07:27:51Z,9655,483,70
136,Failure To Success | Service To Product | Failures -- Hustle -- Struggles -- Achieved | Your Turn???,2020-11-28T07:21:15Z,32001,2291,126
137,Why Did I Copy-Paste Semester Projects??ğŸ˜“Importance Of Project Based Learnings | Best Dev PlatformğŸ¤Ÿ,2020-11-25T07:10:00Z,8582,287,40
138,Non CS Hired by VISA | Code UR Way Challenge | Prizes Worth 2.5 Lakhs | Roadmap For Non CS StudentsğŸ”¥,2020-11-21T07:09:53Z,4656,263,34
139,"â‚¹ 100,000 From GeeksForGeeks ğŸ¤‘ğŸ¤‘ How Did i Learn & Earn ?? Earnings In College | Content Writing ğŸ’µğŸ’µğŸ’µğŸ’µ",2020-11-18T09:20:06Z,10208,428,53
140,JPMorgan Chase (United Kingdom) Interview Experience | Multiple Rejections | GSoC | Hackathons ğŸ”¥,2020-11-15T09:43:43Z,8576,444,43
141,UNBOXING Amazon Day-1 Goodies ğŸ¥³ğŸ¥³ Turu Lob Wali Feeling ğŸ˜ğŸ˜ Things You Get On Joining Day ğŸ¤ŸğŸ¤ŸEmotions ğŸ˜Š,2020-11-11T06:57:45Z,20599,494,101
142,"SDE-1 Interview Experience | Not from IIT, NIT | Offers From Arcesium, JusPay ğŸ”¥ Ft. @Riddhi Dutta",2020-11-07T08:18:35Z,49768,2025,124
143,Data Engineer-1 Interview Experience | In Covid Times | Bar Raiser ğŸ”¥,2020-11-04T08:12:10Z,59215,1135,91
144,Paytm Interview Experience | Web Development |  Competitive Programming ?? Campus Placements ??ğŸ”¥,2020-10-31T07:59:56Z,11193,446,35
145,McKinsey & Company - Data Engineer Interview Experience | Experienced | Must Watch ğŸ”¥Important Topics,2020-10-28T14:05:15Z,16271,405,50
146,Vedantu - Interview Experience || Off Campus || For Freshers || Step By Step Roadmap || GSoC ğŸ”¥,2020-10-24T10:37:41Z,2091,68,9
147,Paytm - Data Engineer Interview Experience || 1 Year Freshers || Must Watch ğŸ”¥ Important Topics,2020-10-21T12:10:41Z,10550,332,51
148,ShareChat Interview Experience | Off Campus | PPO Offered | For FreshersğŸ”¥,2020-10-17T11:40:31Z,9935,243,25
149,Horizontal vs Vertical Scaling || BigData Terminologies || Scalable Data Pipelines ğŸ”¥,2020-10-14T08:22:41Z,2159,90,10
150,OYO SDE Interview Experience || NON CS Stream || Roadmap For Freshers || Important Tips ğŸ”¥ğŸ”¥,2020-10-10T10:27:29Z,5083,202,32
151,Data Engineer - Must to Have Skill Sets || Beginners || Experienced || Interviews ğŸ”¥,2020-10-07T08:09:59Z,49233,1517,103
152,"Goldman Sachs Full Interview Experience || Tech Analyst || Freshers ğŸ”¥Tips, Resources & ProjectsğŸ”¥",2020-10-03T05:51:59Z,10907,351,50
153,Kya hoga JOIN button click karke ??? ELB Membership ğŸ‘»ğŸ‘»,2020-10-01T14:26:19Z,1379,49,27
154,Data Engineer - What it does ?? Roles & Responsibilities || Must Watch For Freshers ğŸ”¥,2020-09-30T05:54:39Z,18972,610,46
155,Road to Success ğŸ”¥I Didn't Give UPâŒ,2020-09-26T05:20:41Z,3163,437,60
156,"Zomato Internship Full Interview Experience || Android Developer || Best Tips, Resources & Roadmap ğŸ”¥",2020-09-19T05:41:19Z,5193,290,30
157,Reliance JIO Interview Experience | Switch from Service To Product company || Best Tips & ResourcesğŸ”¥,2020-09-12T07:29:44Z,30669,746,74
158,Dunzo Full Interview Experience || No Fancy CollegeâŒCompetitive Programming || Indian StartupğŸ”¥,2020-09-05T09:27:57Z,15381,538,71
159,LinkedIn Interview Experience | Off Campus | Full Roadmap For Freshers  ğŸ”¥,2020-08-29T05:33:27Z,15312,790,47
160,"Open Q&A For My Subscribers | Sawal Aapke ,  Jawab Mishra Ji Ke  ğŸ˜‚ ğŸ˜‚Zeher sawal pucho ..",2020-08-23T23:38:52Z,728,56,8
161,PPO from Microsoft || NO CS Background || Full Interview Experience For FreshersğŸ”¥,2020-08-22T05:15:51Z,4497,230,31
162,Dell Interview Experience || Internship With Myntra & Walmart || How To Crack??ğŸ”¥,2020-08-15T05:22:54Z,14823,352,34
163,PhonePe Full Interview Experience || No Competitive Programming || How ??ğŸ˜²,2020-08-08T05:43:56Z,12450,392,28
164,Flipkart Full Interview Experience || Non CS Guy || How Did He Prepare ?? ğŸ˜²ğŸ˜²,2020-08-01T06:03:39Z,28026,1022,84
165,ğ— ğ—¶ğ˜€ğ˜ğ—®ğ—¸ğ—²ğ˜€ ğ—¶ğ—» ğ—™ğ—®ğ—°ğ—² ğ˜ğ—¼ ğ—™ğ—®ğ—°ğ—² ğ—œğ—»ğ˜ğ—²ğ—¿ğ˜ƒğ—¶ğ—²ğ˜„ğ˜€  ||  ğ—›ğ—¼ğ˜„ ğ˜ğ—¼ ğ—®ğ˜ƒğ—¼ğ—¶ğ—± ğ—¶ğ˜ â“ || ğ—œğ—ºğ—½ğ—¼ğ—¿ğ˜ğ—®ğ—»ğ˜ ğ—§ğ—¶ğ—½ğ˜€ ğŸ”¥,2020-07-29T09:51:43Z,748,73,14
166,ğ—³ğ—¿ğ—¼ğ—º ğ—•ğ—¶ğ—µğ—®ğ—¿ ğ—¥ğ˜‚ğ—¿ğ—®ğ—¹ ğ—”ğ—¿ğ—²ğ—® ğ˜ğ—¼ ğ—§ğ—¼ğ—½ ğ— ğ—¡ğ—– | ğ—©ğ— ğ˜„ğ—®ğ—¿ğ—² ğ—œğ—»ğ˜ğ—²ğ—¿ğ˜ƒğ—¶ğ—²ğ˜„ ğ—˜ğ˜…ğ—½ | ğ—¦ğ—ºğ—®ğ—¹ğ—¹ ğ˜ğ—¼ğ˜„ğ—» ğ—•ğ—¼ğ˜† | ğ—¦ğ˜‚ğ—°ğ—°ğ—²ğ˜€ğ˜€ ğ—¦ğ˜ğ—¼ğ—¿ğ˜† ğŸ”¥ğŸ”¥,2020-07-25T07:16:03Z,3202,236,30
167,ğ—¥ğ—²ğ˜€ğ˜‚ğ—ºğ—² - ğ——ğ—¼ğ—¼ğ—¿ ğ—¼ğ—³ ğ—¶ğ—»ğ˜ğ—²ğ—¿ğ˜ƒğ—¶ğ—²ğ˜„ğ˜€ | ğ—œğ—ºğ—½ğ—¼ğ—¿ğ˜ğ—®ğ—»ğ˜ ğ—§ğ—¶ğ—½ğ˜€ | ğ—”ğ˜ƒğ—¼ğ—¶ğ—± ğ—ºğ—¶ğ˜€ğ˜ğ—®ğ—¸ğ—²ğ˜€ | ğ—¦ğ—¶ğ—»ğ—´ğ—¹ğ—² ğ—½ğ—®ğ—´ğ—² ğ—¿ğ—²ğ˜€ğ˜‚ğ—ºğ—² ğ˜ğ—¶ğ—½ğ˜€ ğŸ‘ğŸ‘,2020-07-22T07:23:39Z,1614,149,23
168,ğ—–ğ—¼ğ—¹ğ—¹ğ—²ğ—´ğ—² ğ—¦ğ˜ğ—®ğ˜ğ˜‚ğ˜€ - ğ—ªğ—µğ—¼ ğ—–ğ—¿ğ—²ğ—®ğ˜ğ—²ğ˜€ ğ—œğ˜ â“â“ ğ——ğ—¼ğ—²ğ˜€ ğ—§ğ—¶ğ—²ğ—¿-ğŸ­/ğ—§ğ—¶ğ—²ğ—¿-ğŸ®/ğ—§ğ—¶ğ—²ğ—¿-ğŸ¯ ğ—¿ğ—²ğ—®ğ—¹ğ—¹ğ˜† ğ—ºğ—®ğ˜ğ˜ğ—²ğ—¿ğ˜€ â“â“â¡ï¸Believe In Efforts ğŸ˜,2020-07-18T05:17:14Z,1704,142,24
169,How Referral System Worksâ“â“Don't make these mistakes âŒâŒ 3 Simple Steps for ReferralsğŸ”¥,2020-07-13T11:35:38Z,53800,1348,143
170,Amazon Off Campus Internship | Rejected By TCS & WIPRO | Less Than 60% In 12'th | PPO Offered ..,2020-07-11T05:15:38Z,84310,5382,332
171,Data Modeling Basics in 1 Hour ğŸ”¥Data Science | Vivek Mishra - Sr. Data Scientist @ The Mars Agency,2020-07-07T08:23:33Z,652,26,1
172,Why Did Amazon Reject Me 2 Times ?? What Mistakes ?? My 3 Year's Hustle For Dream Job ğŸ”¥,2020-07-04T05:52:40Z,16747,960,112
173,Modern Frontend Development - Tapan Anand | Computer Scientist 2 @ Adobe | ML on Frontend,2020-07-01T08:14:53Z,873,46,3
174,Tier-3 College Guy | National & International Hackathon Champion - Shivay Lamba | MAIT Delhi | Metvy,2020-06-27T04:35:30Z,1400,93,8
175,Monolithic Vs MicroServices ğŸ”¥ğŸ”¥- Rishabh Dugar | NIT Allahabad Online Workshop - 2020,2020-06-23T06:32:04Z,538,19,0
176,Career in Cyber Security - Kriti Srivastava | Security Program Manager @ Paytm | Bug Bounty|Earnings,2020-06-20T09:56:11Z,1688,105,17
177,Full Stack Development - Vardan Bansal | Full Stack Developer @ Harness | Ex-Morgan Stanley|Workshop,2020-06-17T08:50:23Z,896,30,4
178,Web & Micro Services - Alpesh Rathore | Senior Technical Lead @ Paytm | Backend Development,2020-06-14T17:52:01Z,458,40,2
179,Apache Spark - Cluster Computing | Jatin Narula | Software Engineer @ Microsoft | NIT Allahabad,2020-06-09T08:44:26Z,1404,37,2
180,Frontend Developer - Microsoft Interview Experience || Switched From TCS || Full Explanation ğŸ”¥,2020-06-06T10:42:57Z,27133,810,42
181,Facebook New York - Interview Experience | Important Questions | Preparation Resources For FreshersğŸ”¥,2020-05-31T04:50:30Z,2698,173,33
182,System Design Basics || Important Interview Questions ğŸ”¥,2020-05-27T10:21:38Z,2781,133,20
183,Data Science - How to start it from ZERO? || Non CS IIT Kanpur Alumni || Freshers Roadmap ğŸ”¥,2020-05-23T05:16:36Z,5949,217,21
184,Facebook London Interview Experience || Data Engineer || Complete Process & Roadmap ğŸ”¥ğŸ”¥,2020-05-16T15:35:48Z,28588,762,39
185,With Google Engineer - How To Begin With Competitive Programming ??,2020-05-10T13:38:37Z,5825,313,17
186,Data & AI Solutions - Ask An Expert | Tejas Nagdulikar | Customer Success Engineer @ Databricks,2020-05-03T03:36:40Z,1687,115,11
187,Starting My Youtube Channel | Learning Bridge - Ask An Expert,2020-04-27T14:07:58Z,1745,144,13
